Level	Rule Name	Subject	Property	Value
ERROR	missing_ontology_license	http://example.org/mathkg/	dc:license	
WARN	missing_definition	http://example.org/mathkg/Abeliangroup	IAO:0000115	
WARN	missing_definition	http://example.org/mathkg/Abellemma	IAO:0000115	
WARN	missing_definition	http://example.org/mathkg/AbsolutelydecomposableAbeliangroup	IAO:0000115	
WARN	missing_definition	http://example.org/mathkg/Absolutelyidempotentring	IAO:0000115	
WARN	missing_definition	http://example.org/mathkg/AdamStoormersmethod	IAO:0000115	
WARN	missing_definition	http://example.org/mathkg/Adamsmethod	IAO:0000115	
WARN	missing_definition	http://example.org/mathkg/Addition	IAO:0000115	
WARN	missing_definition	http://example.org/mathkg/Additivegroup	IAO:0000115	
WARN	missing_definition	http://example.org/mathkg/Adjointproblem	IAO:0000115	
WARN	missing_definition	http://example.org/mathkg/Adotheorem	IAO:0000115	
WARN	missing_definition	http://example.org/mathkg/Affinedifferentialgeometry	IAO:0000115	
WARN	missing_definition	http://example.org/mathkg/Affineequivalence	IAO:0000115	
WARN	missing_definition	http://example.org/mathkg/Affinegeometry	IAO:0000115	
WARN	missing_definition	http://example.org/mathkg/Affinetransform	IAO:0000115	
WARN	missing_definition	http://example.org/mathkg/Affinetransformofplane	IAO:0000115	
WARN	missing_definition	http://example.org/mathkg/Affinetransformofspace	IAO:0000115	
WARN	missing_definition	http://example.org/mathkg/Algebra	IAO:0000115	
WARN	missing_definition	http://example.org/mathkg/Algebraicallyclosedgroup	IAO:0000115	
WARN	missing_definition	http://example.org/mathkg/AlgebraicallycompactAbeliangroup	IAO:0000115	
WARN	missing_definition	http://example.org/mathkg/Algebraicsystem	IAO:0000115	
WARN	missing_definition	http://example.org/mathkg/Algorithmoflinearcombination	IAO:0000115	
WARN	missing_definition	http://example.org/mathkg/Almostcertainversion	IAO:0000115	
WARN	missing_definition	http://example.org/mathkg/Analyticalgeometry	IAO:0000115	
WARN	missing_definition	http://example.org/mathkg/Angle	IAO:0000115	
WARN	missing_definition	http://example.org/mathkg/Antiholomorphicmapping	IAO:0000115	
WARN	missing_definition	http://example.org/mathkg/Antilinearmapping	IAO:0000115	
WARN	missing_definition	http://example.org/mathkg/ApostolicoGiancarlomethod	IAO:0000115	
WARN	missing_definition	http://example.org/mathkg/Approximationapproach	IAO:0000115	
WARN	missing_definition	http://example.org/mathkg/Approximationtofunction	IAO:0000115	
WARN	missing_definition	http://example.org/mathkg/Archimedeangroup	IAO:0000115	
WARN	missing_definition	http://example.org/mathkg/Archimedeanring	IAO:0000115	
WARN	missing_definition	http://example.org/mathkg/Area	IAO:0000115	
WARN	missing_definition	http://example.org/mathkg/Arithmeticring	IAO:0000115	
WARN	missing_definition	http://example.org/mathkg/Artineanring	IAO:0000115	
WARN	missing_definition	http://example.org/mathkg/Artiniangroup	IAO:0000115	
WARN	missing_definition	http://example.org/mathkg/AscoliArzelatheorem	IAO:0000115	
WARN	missing_definition	http://example.org/mathkg/Associativering	IAO:0000115	
WARN	missing_definition	http://example.org/mathkg/AutomorphismLiegroup	IAO:0000115	
WARN	missing_definition	http://example.org/mathkg/Automorphismgroup	IAO:0000115	
WARN	missing_definition	http://example.org/mathkg/Awholenumber	IAO:0000115	
WARN	missing_definition	http://example.org/mathkg/Bairstowmethod	IAO:0000115	
WARN	missing_definition	http://example.org/mathkg/Basisvector	IAO:0000115	
WARN	missing_definition	http://example.org/mathkg/Bayestheorem	IAO:0000115	
WARN	missing_definition	http://example.org/mathkg/Bellmansdynamicprogrammingmethod	IAO:0000115	
WARN	missing_definition	http://example.org/mathkg/Bernoullimethod	IAO:0000115	
WARN	missing_definition	http://example.org/mathkg/Bernoullitheorem	IAO:0000115	
WARN	missing_definition	http://example.org/mathkg/Bettinumber	IAO:0000115	
WARN	missing_definition	http://example.org/mathkg/Bezoutring	IAO:0000115	
WARN	missing_definition	http://example.org/mathkg/Bilinearmapping	IAO:0000115	
WARN	missing_definition	http://example.org/mathkg/Binomialring	IAO:0000115	
WARN	missing_definition	http://example.org/mathkg/Blaschkeproduct	IAO:0000115	
WARN	missing_definition	http://example.org/mathkg/Booleanring	IAO:0000115	
WARN	missing_definition	http://example.org/mathkg/BorelCantellilemma	IAO:0000115	
WARN	missing_definition	http://example.org/mathkg/Boundedgroup	IAO:0000115	
WARN	missing_definition	http://example.org/mathkg/Brightonmethod	IAO:0000115	
WARN	missing_definition	http://example.org/mathkg/Broydensmethod	IAO:0000115	
WARN	missing_definition	http://example.org/mathkg/BubnovGalerkinmethod	IAO:0000115	
WARN	missing_definition	http://example.org/mathkg/Carlemanmatrixmethod	IAO:0000115	
WARN	missing_definition	http://example.org/mathkg/Cascadealgorithm	IAO:0000115	
WARN	missing_definition	http://example.org/mathkg/Cauchyresiduetheorem	IAO:0000115	
WARN	missing_definition	http://example.org/mathkg/Cauchytheorem	IAO:0000115	
WARN	missing_definition	http://example.org/mathkg/CayleyDicksonring	IAO:0000115	
WARN	missing_definition	http://example.org/mathkg/Centrallimittheorem	IAO:0000115	
WARN	missing_definition	http://example.org/mathkg/Centroaffinetransformation	IAO:0000115	
WARN	missing_definition	http://example.org/mathkg/Charactergroup	IAO:0000115	
WARN	missing_definition	http://example.org/mathkg/Characteristicideal	IAO:0000115	
WARN	missing_definition	http://example.org/mathkg/Characteristicproblem	IAO:0000115	
WARN	missing_definition	http://example.org/mathkg/Chebyshevconstant	IAO:0000115	
WARN	missing_definition	http://example.org/mathkg/Chebyshevradius	IAO:0000115	
WARN	missing_definition	http://example.org/mathkg/Chebyshevtheorem	IAO:0000115	
WARN	missing_definition	http://example.org/mathkg/ChristiansenSederbergmethod	IAO:0000115	
WARN	missing_definition	http://example.org/mathkg/Circle	IAO:0000115	
WARN	missing_definition	http://example.org/mathkg/Classgroupofmapping	IAO:0000115	
WARN	missing_definition	http://example.org/mathkg/Cleavage	IAO:0000115	
WARN	missing_definition	http://example.org/mathkg/Cliffordconjugation	IAO:0000115	
WARN	missing_definition	http://example.org/mathkg/Closedmapping	IAO:0000115	
WARN	missing_definition	http://example.org/mathkg/Closing	IAO:0000115	
WARN	missing_definition	http://example.org/mathkg/Cobordism	IAO:0000115	
WARN	missing_definition	http://example.org/mathkg/Cocompactgroupaction	IAO:0000115	
WARN	missing_definition	http://example.org/mathkg/Cocuclicgroup	IAO:0000115	
WARN	missing_definition	http://example.org/mathkg/Codifferential	IAO:0000115	
WARN	missing_definition	http://example.org/mathkg/Coefficient	IAO:0000115	
WARN	missing_definition	http://example.org/mathkg/Coefficientofhyperbolicrotation	IAO:0000115	
WARN	missing_definition	http://example.org/mathkg/Coherencerightring	IAO:0000115	
WARN	missing_definition	http://example.org/mathkg/CohnVossentheorem	IAO:0000115	
WARN	missing_definition	http://example.org/mathkg/Collectingterms	IAO:0000115	
WARN	missing_definition	http://example.org/mathkg/Collectivelytriangulargroup	IAO:0000115	
WARN	missing_definition	http://example.org/mathkg/Commutativering	IAO:0000115	
WARN	missing_definition	http://example.org/mathkg/Compactification	IAO:0000115	
WARN	missing_definition	http://example.org/mathkg/Comparison	IAO:0000115	
WARN	missing_definition	http://example.org/mathkg/Completecontinuousgroup	IAO:0000115	
WARN	missing_definition	http://example.org/mathkg/ComplexNumber	IAO:0000115	
WARN	missing_definition	http://example.org/mathkg/Computationalinvestigationelectrodynamicproblems	IAO:0000115	
WARN	missing_definition	http://example.org/mathkg/Computationalsolutiondiffusionproblems	IAO:0000115	
WARN	missing_definition	http://example.org/mathkg/ComputationalsolutionofCauchyproblem	IAO:0000115	
WARN	missing_definition	http://example.org/mathkg/ComputationalsolutionofFredholmintegralequationoffirstkind	IAO:0000115	
WARN	missing_definition	http://example.org/mathkg/ComputationalsolutionofFredholmintegralequationofsecondkind	IAO:0000115	
WARN	missing_definition	http://example.org/mathkg/ComputationalsolutionofVolterraequationoffirstkind	IAO:0000115	
WARN	missing_definition	http://example.org/mathkg/ComputationalsolutionofVolterraequationofsecondkind	IAO:0000115	
WARN	missing_definition	http://example.org/mathkg/ComputationalsolutionofWienerHopfequationoffirstkind	IAO:0000115	
WARN	missing_definition	http://example.org/mathkg/ComputationalsolutionofWienerHopfequationofsecondkind	IAO:0000115	
WARN	missing_definition	http://example.org/mathkg/Computationalsolutionofeigenvalueproblem	IAO:0000115	
WARN	missing_definition	http://example.org/mathkg/Computationalsolutionofincorrectproblem	IAO:0000115	
WARN	missing_definition	http://example.org/mathkg/Computationalsolutionofintegralequation	IAO:0000115	
WARN	missing_definition	http://example.org/mathkg/Computationalsolutionofnonlinearequation	IAO:0000115	
WARN	missing_definition	http://example.org/mathkg/Computationalsolutionofsingularintegropartialdifferentialequation	IAO:0000115	
WARN	missing_definition	http://example.org/mathkg/Computationalsolutionrigidtypes	IAO:0000115	
WARN	missing_definition	http://example.org/mathkg/Conformalmapping	IAO:0000115	
WARN	missing_definition	http://example.org/mathkg/Connectionform	IAO:0000115	
WARN	missing_definition	http://example.org/mathkg/Constant	IAO:0000115	
WARN	missing_definition	http://example.org/mathkg/Contactform	IAO:0000115	
WARN	missing_definition	http://example.org/mathkg/Contacttransformation	IAO:0000115	
WARN	missing_definition	http://example.org/mathkg/Contiguousdevelopment	IAO:0000115	
WARN	missing_definition	http://example.org/mathkg/Contiguousextremumproblem	IAO:0000115	
WARN	missing_definition	http://example.org/mathkg/Controlproblem	IAO:0000115	
WARN	missing_definition	http://example.org/mathkg/Correlationmatrix	IAO:0000115	
WARN	missing_definition	http://example.org/mathkg/Cosine	IAO:0000115	
WARN	missing_definition	http://example.org/mathkg/Cotangentvector	IAO:0000115	
WARN	missing_definition	http://example.org/mathkg/Covariancematrix	IAO:0000115	
WARN	missing_definition	http://example.org/mathkg/Covariantlyconstanttensor	IAO:0000115	
WARN	missing_definition	http://example.org/mathkg/Covector	IAO:0000115	
WARN	missing_definition	http://example.org/mathkg/Curvatureform	IAO:0000115	
WARN	missing_definition	http://example.org/mathkg/Curvatureofcurve	IAO:0000115	
WARN	missing_definition	http://example.org/mathkg/Curvatureofspacecurves	IAO:0000115	
WARN	missing_definition	http://example.org/mathkg/Cyclicrightideal	IAO:0000115	
WARN	missing_definition	http://example.org/mathkg/Darbouxtheorem	IAO:0000115	
WARN	missing_definition	http://example.org/mathkg/Datacondensation	IAO:0000115	
WARN	missing_definition	http://example.org/mathkg/Dedekindring	IAO:0000115	
WARN	missing_definition	http://example.org/mathkg/Deformation	IAO:0000115	
WARN	missing_definition	http://example.org/mathkg/Deformationquantization	IAO:0000115	
WARN	missing_definition	http://example.org/mathkg/Deformationratiovolume	IAO:0000115	
WARN	missing_definition	http://example.org/mathkg/Derivation	IAO:0000115	
WARN	missing_definition	http://example.org/mathkg/Derivative	IAO:0000115	
WARN	missing_definition	http://example.org/mathkg/Determinant	IAO:0000115	
WARN	missing_definition	http://example.org/mathkg/Diffeomorphism	IAO:0000115	
WARN	missing_definition	http://example.org/mathkg/Differentialgeometry	IAO:0000115	
WARN	missing_definition	http://example.org/mathkg/Differentialideal	IAO:0000115	
WARN	missing_definition	http://example.org/mathkg/Differentialring	IAO:0000115	
WARN	missing_definition	http://example.org/mathkg/Dimension	IAO:0000115	
WARN	missing_definition	http://example.org/mathkg/Diminution	IAO:0000115	
WARN	missing_definition	http://example.org/mathkg/Diracmatrix	IAO:0000115	
WARN	missing_definition	http://example.org/mathkg/Directedgroup	IAO:0000115	
WARN	missing_definition	http://example.org/mathkg/Distance	IAO:0000115	
WARN	missing_definition	http://example.org/mathkg/Distortion	IAO:0000115	
WARN	missing_definition	http://example.org/mathkg/Distributiveringleft	IAO:0000115	
WARN	missing_definition	http://example.org/mathkg/Division	IAO:0000115	
WARN	missing_definition	http://example.org/mathkg/Dualalgorithmofexternalproduct	IAO:0000115	
WARN	missing_definition	http://example.org/mathkg/Duality	IAO:0000115	
WARN	missing_definition	http://example.org/mathkg/Dynkindiagram	IAO:0000115	
WARN	missing_definition	http://example.org/mathkg/Effectiveactionofgroup	IAO:0000115	
WARN	missing_definition	http://example.org/mathkg/Element	IAO:0000115	
WARN	missing_definition	http://example.org/mathkg/Elementofthetheoryofalgebra	IAO:0000115	
WARN	missing_definition	http://example.org/mathkg/Ellipticalrotation	IAO:0000115	
WARN	missing_definition	http://example.org/mathkg/Embedding	IAO:0000115	
WARN	missing_definition	http://example.org/mathkg/Equalcoefficient	IAO:0000115	
WARN	missing_definition	http://example.org/mathkg/Equality	IAO:0000115	
WARN	missing_definition	http://example.org/mathkg/Equation	IAO:0000115	
WARN	missing_definition	http://example.org/mathkg/Equiaffinetransformation	IAO:0000115	
WARN	missing_definition	http://example.org/mathkg/Essentialideal	IAO:0000115	
WARN	missing_definition	http://example.org/mathkg/Euleriannumber	IAO:0000115	
WARN	missing_definition	http://example.org/mathkg/Eveninteger	IAO:0000115	
WARN	missing_definition	http://example.org/mathkg/Existencetheorem	IAO:0000115	
WARN	missing_definition	http://example.org/mathkg/ExponentialFunction	IAO:0000115	
WARN	missing_definition	http://example.org/mathkg/Exponentiating	IAO:0000115	
WARN	missing_definition	http://example.org/mathkg/Expression	IAO:0000115	
WARN	missing_definition	http://example.org/mathkg/Extensiontheoremofprobability	IAO:0000115	
WARN	missing_definition	http://example.org/mathkg/Exteriorderivative	IAO:0000115	
WARN	missing_definition	http://example.org/mathkg/Exteriorform	IAO:0000115	
WARN	missing_definition	http://example.org/mathkg/Extremumproblem	IAO:0000115	
WARN	missing_definition	http://example.org/mathkg/Fibonaccigroup	IAO:0000115	
WARN	missing_definition	http://example.org/mathkg/Fieldofmathematics	IAO:0000115	
WARN	missing_definition	http://example.org/mathkg/FinalringoutDedekind	IAO:0000115	
WARN	missing_definition	http://example.org/mathkg/Finegrainalgorithmofmatrixdecomposition	IAO:0000115	
WARN	missing_definition	http://example.org/mathkg/Finitegroup	IAO:0000115	
WARN	missing_definition	http://example.org/mathkg/Finitelydefinedgroup	IAO:0000115	
WARN	missing_definition	http://example.org/mathkg/Firstfundamentalform	IAO:0000115	
WARN	missing_definition	http://example.org/mathkg/Fishermatrix	IAO:0000115	
WARN	missing_definition	http://example.org/mathkg/Fixedpointmethod	IAO:0000115	
WARN	missing_definition	http://example.org/mathkg/Formula	IAO:0000115	
WARN	missing_definition	http://example.org/mathkg/FreeAbeliangroup	IAO:0000115	
WARN	missing_definition	http://example.org/mathkg/Freeboundaryproblem	IAO:0000115	
WARN	missing_definition	http://example.org/mathkg/Freegroup	IAO:0000115	
WARN	missing_definition	http://example.org/mathkg/Freegroupofvarifold	IAO:0000115	
WARN	missing_definition	http://example.org/mathkg/Fullgroup	IAO:0000115	
WARN	missing_definition	http://example.org/mathkg/Function	IAO:0000115	
WARN	missing_definition	http://example.org/mathkg/Fundamentalideal	IAO:0000115	
WARN	missing_definition	http://example.org/mathkg/Galerkinmethod	IAO:0000115	
WARN	missing_definition	http://example.org/mathkg/GaussBonnettheorem	IAO:0000115	
WARN	missing_definition	http://example.org/mathkg/GaussNewtondampedmethod	IAO:0000115	
WARN	missing_definition	http://example.org/mathkg/GaussSeideldecompositionmethod	IAO:0000115	
WARN	missing_definition	http://example.org/mathkg/Genusofaffinetransform	IAO:0000115	
WARN	missing_definition	http://example.org/mathkg/Geodesicmap	IAO:0000115	
WARN	missing_definition	http://example.org/mathkg/Geometricalmethod	IAO:0000115	
WARN	missing_definition	http://example.org/mathkg/Geometricquantization	IAO:0000115	
WARN	missing_definition	http://example.org/mathkg/Geometry	IAO:0000115	
WARN	missing_definition	http://example.org/mathkg/Gibbschoicemethod	IAO:0000115	
WARN	missing_definition	http://example.org/mathkg/Goldbachnumber	IAO:0000115	
WARN	missing_definition	http://example.org/mathkg/Gradeautomorphism	IAO:0000115	
WARN	missing_definition	http://example.org/mathkg/Gradient	IAO:0000115	
WARN	missing_definition	http://example.org/mathkg/Gradientdescentmethod	IAO:0000115	
WARN	missing_definition	http://example.org/mathkg/Gradientoptimalcontrolmethod	IAO:0000115	
WARN	missing_definition	http://example.org/mathkg/Graduatedring	IAO:0000115	
WARN	missing_definition	http://example.org/mathkg/Graph	IAO:0000115	
WARN	missing_definition	http://example.org/mathkg/Greenfunctionmethod	IAO:0000115	
WARN	missing_definition	http://example.org/mathkg/Group	IAO:0000115	
WARN	missing_definition	http://example.org/mathkg/Groupaction	IAO:0000115	
WARN	missing_definition	http://example.org/mathkg/GroupofdegreeN	IAO:0000115	
WARN	missing_definition	http://example.org/mathkg/Groupofinvertibleelementsofring	IAO:0000115	
WARN	missing_definition	http://example.org/mathkg/Groupring	IAO:0000115	
WARN	missing_definition	http://example.org/mathkg/Groupwithouttorsion	IAO:0000115	
WARN	missing_definition	http://example.org/mathkg/Grtzschmethod	IAO:0000115	
WARN	missing_definition	http://example.org/mathkg/Hamiltonaction	IAO:0000115	
WARN	missing_definition	http://example.org/mathkg/HardyLittlewoodtheorem	IAO:0000115	
WARN	missing_definition	http://example.org/mathkg/Hausdorffdimension	IAO:0000115	
WARN	missing_definition	http://example.org/mathkg/Hausdorffmeasure	IAO:0000115	
WARN	missing_definition	http://example.org/mathkg/Hellytheoremgeneralization	IAO:0000115	
WARN	missing_definition	http://example.org/mathkg/Hermiteanconjugatedoperator	IAO:0000115	
WARN	missing_definition	http://example.org/mathkg/Hessianmatrix	IAO:0000115	
WARN	missing_definition	http://example.org/mathkg/HilleYosidatheorem	IAO:0000115	
WARN	missing_definition	http://example.org/mathkg/Holomorphicmapping	IAO:0000115	
WARN	missing_definition	http://example.org/mathkg/Homeomorphism	IAO:0000115	
WARN	missing_definition	http://example.org/mathkg/Homomorphismgroup	IAO:0000115	
WARN	missing_definition	http://example.org/mathkg/Hyperbolicrotation	IAO:0000115	
WARN	missing_definition	http://example.org/mathkg/Hypercentralgroup	IAO:0000115	
WARN	missing_definition	http://example.org/mathkg/Hypercomplexnumber	IAO:0000115	
WARN	missing_definition	http://example.org/mathkg/Implicitfunctiontheorem	IAO:0000115	
WARN	missing_definition	http://example.org/mathkg/Induction	IAO:0000115	
WARN	missing_definition	http://example.org/mathkg/Inequality	IAO:0000115	
WARN	missing_definition	http://example.org/mathkg/Infinitegroup	IAO:0000115	
WARN	missing_definition	http://example.org/mathkg/Infinitesimaldeformation	IAO:0000115	
WARN	missing_definition	http://example.org/mathkg/Infinitesimalmanipulation	IAO:0000115	
WARN	missing_definition	http://example.org/mathkg/Infinitesimaltransformation	IAO:0000115	
WARN	missing_definition	http://example.org/mathkg/Innerproductalgorithm	IAO:0000115	
WARN	missing_definition	http://example.org/mathkg/Integer	IAO:0000115	
WARN	missing_definition	http://example.org/mathkg/Integerpi	IAO:0000115	
WARN	missing_definition	http://example.org/mathkg/Integral	IAO:0000115	
WARN	missing_definition	http://example.org/mathkg/IntegraldeMoivreLaplacetheorem	IAO:0000115	
WARN	missing_definition	http://example.org/mathkg/Integrating	IAO:0000115	
WARN	missing_definition	http://example.org/mathkg/Integrationalonglayer	IAO:0000115	
WARN	missing_definition	http://example.org/mathkg/Intersection	IAO:0000115	
WARN	missing_definition	http://example.org/mathkg/Intrinsicgeometry	IAO:0000115	
WARN	missing_definition	http://example.org/mathkg/Invariantringleft	IAO:0000115	
WARN	missing_definition	http://example.org/mathkg/Inversefunctiontheorem	IAO:0000115	
WARN	missing_definition	http://example.org/mathkg/Invertingring	IAO:0000115	
WARN	missing_definition	http://example.org/mathkg/Isometricembedding	IAO:0000115	
WARN	missing_definition	http://example.org/mathkg/Isometry	IAO:0000115	
WARN	missing_definition	http://example.org/mathkg/Isomorphism	IAO:0000115	
WARN	missing_definition	http://example.org/mathkg/Isotopy	IAO:0000115	
WARN	missing_definition	http://example.org/mathkg/Jacobianmatrixofavectorfunction	IAO:0000115	
WARN	missing_definition	http://example.org/mathkg/Jacobiblockalgorithm	IAO:0000115	
WARN	missing_definition	http://example.org/mathkg/Join	IAO:0000115	
WARN	missing_definition	http://example.org/mathkg/Khinchintheorem	IAO:0000115	
WARN	missing_definition	http://example.org/mathkg/KieferandWolfowitztheorem	IAO:0000115	
WARN	missing_definition	http://example.org/mathkg/Killingform	IAO:0000115	
WARN	missing_definition	http://example.org/mathkg/Killingtensor	IAO:0000115	
WARN	missing_definition	http://example.org/mathkg/KindConcept	IAO:0000115	
WARN	missing_definition	http://example.org/mathkg/Kleingroup	IAO:0000115	
WARN	missing_definition	http://example.org/mathkg/Kleiniangroup	IAO:0000115	
WARN	missing_definition	http://example.org/mathkg/Landauconstant	IAO:0000115	
WARN	missing_definition	http://example.org/mathkg/Latticegroup	IAO:0000115	
WARN	missing_definition	http://example.org/mathkg/Latticeorderedgroup	IAO:0000115	
WARN	missing_definition	http://example.org/mathkg/Lebesgueconstant	IAO:0000115	
WARN	missing_definition	http://example.org/mathkg/Lebesguetheoremaboutdominatedconvergence	IAO:0000115	
WARN	missing_definition	http://example.org/mathkg/Leftinvarianttensor	IAO:0000115	
WARN	missing_definition	http://example.org/mathkg/Liealgebraderivative	IAO:0000115	
WARN	missing_definition	http://example.org/mathkg/Liederivative	IAO:0000115	
WARN	missing_definition	http://example.org/mathkg/Limit	IAO:0000115	
WARN	missing_definition	http://example.org/mathkg/Limitalmostcertaintheorem	IAO:0000115	
WARN	missing_definition	http://example.org/mathkg/Limittheorem	IAO:0000115	
WARN	missing_definition	http://example.org/mathkg/Lindebergtheorem	IAO:0000115	
WARN	missing_definition	http://example.org/mathkg/Line	IAO:0000115	
WARN	missing_definition	http://example.org/mathkg/Lineargroup	IAO:0000115	
WARN	missing_definition	http://example.org/mathkg/Linearlyorderedgroup	IAO:0000115	
WARN	missing_definition	http://example.org/mathkg/Linearmapping	IAO:0000115	
WARN	missing_definition	http://example.org/mathkg/Literalnumber	IAO:0000115	
WARN	missing_definition	http://example.org/mathkg/LocaldeMoivreLaplacetheorem	IAO:0000115	
WARN	missing_definition	http://example.org/mathkg/Localhomeomorphism	IAO:0000115	
WARN	missing_definition	http://example.org/mathkg/Localisomorphism	IAO:0000115	
WARN	missing_definition	http://example.org/mathkg/LocallyEuclideangroup	IAO:0000115	
WARN	missing_definition	http://example.org/mathkg/Locallyfinitegroup	IAO:0000115	
WARN	missing_definition	http://example.org/mathkg/Locallyfinitehypercentralgroup	IAO:0000115	
WARN	missing_definition	http://example.org/mathkg/Locallyfinitenormalgroup	IAO:0000115	
WARN	missing_definition	http://example.org/mathkg/Locallyfinitesolvablegroup	IAO:0000115	
WARN	missing_definition	http://example.org/mathkg/Logarithm	IAO:0000115	
WARN	missing_definition	http://example.org/mathkg/Lyapunovtheorem	IAO:0000115	
WARN	missing_definition	http://example.org/mathkg/Map	IAO:0000115	
WARN	missing_definition	http://example.org/mathkg/Marcussymmetrization	IAO:0000115	
WARN	missing_definition	http://example.org/mathkg/Matrix	IAO:0000115	
WARN	missing_definition	http://example.org/mathkg/Matrixofsecondmoment	IAO:0000115	
WARN	missing_definition	http://example.org/mathkg/Matrixring	IAO:0000115	
WARN	missing_definition	http://example.org/mathkg/Mean	IAO:0000115	
WARN	missing_definition	http://example.org/mathkg/Metabeliangroup	IAO:0000115	
WARN	missing_definition	http://example.org/mathkg/Method	IAO:0000115	
WARN	missing_definition	http://example.org/mathkg/MethodofLaplacestepbystepintegrating	IAO:0000115	
WARN	missing_definition	http://example.org/mathkg/Methodofanalysis	IAO:0000115	
WARN	missing_definition	http://example.org/mathkg/Methodofaveraging	IAO:0000115	
WARN	missing_definition	http://example.org/mathkg/Methodofboundaryintegralequation	IAO:0000115	
WARN	missing_definition	http://example.org/mathkg/Methodofcharacteristicfunction	IAO:0000115	
WARN	missing_definition	http://example.org/mathkg/Methodofcomplexpotential	IAO:0000115	
WARN	missing_definition	http://example.org/mathkg/Methodofconsecutiveapproximating	IAO:0000115	
WARN	missing_definition	http://example.org/mathkg/Methodofcurtailment	IAO:0000115	
WARN	missing_definition	http://example.org/mathkg/Methodofcut	IAO:0000115	
WARN	missing_definition	http://example.org/mathkg/Methodofdirectingfunction	IAO:0000115	
WARN	missing_definition	http://example.org/mathkg/Methodofintegralrelation	IAO:0000115	
WARN	missing_definition	http://example.org/mathkg/Methodofinverseproblem	IAO:0000115	
WARN	missing_definition	http://example.org/mathkg/Methodofinverseproblemofscattering	IAO:0000115	
WARN	missing_definition	http://example.org/mathkg/Methodofloopintegration	IAO:0000115	
WARN	missing_definition	http://example.org/mathkg/Methodofnonstationarythermalconductivity	IAO:0000115	
WARN	missing_definition	http://example.org/mathkg/Methodofnumericalanalysis	IAO:0000115	
WARN	missing_definition	http://example.org/mathkg/Methodofpriorestimate	IAO:0000115	
WARN	missing_definition	http://example.org/mathkg/Methodoftheoryofdifferentialequations	IAO:0000115	
WARN	missing_definition	http://example.org/mathkg/Metrizablegroup	IAO:0000115	
WARN	missing_definition	http://example.org/mathkg/Middleproductalgorithm	IAO:0000115	
WARN	missing_definition	http://example.org/mathkg/Minimumdegreealgorithm	IAO:0000115	
WARN	missing_definition	http://example.org/mathkg/Mixedproblem	IAO:0000115	
WARN	missing_definition	http://example.org/mathkg/Mobiustransformation	IAO:0000115	
WARN	missing_definition	http://example.org/mathkg/ModifiedNewtonmethod	IAO:0000115	
WARN	missing_definition	http://example.org/mathkg/Morphism	IAO:0000115	
WARN	missing_definition	http://example.org/mathkg/Morselemma	IAO:0000115	
WARN	missing_definition	http://example.org/mathkg/Motion	IAO:0000115	
WARN	missing_definition	http://example.org/mathkg/Multiplication	IAO:0000115	
WARN	missing_definition	http://example.org/mathkg/Multiplicativegroup	IAO:0000115	
WARN	missing_definition	http://example.org/mathkg/Multiplicativegroupoffield	IAO:0000115	
WARN	missing_definition	http://example.org/mathkg/Multiplicativegroupofresiduering	IAO:0000115	
WARN	missing_definition	http://example.org/mathkg/Multiplicativegroupofring	IAO:0000115	
WARN	missing_definition	http://example.org/mathkg/Multiresolutiontilingalgorithm	IAO:0000115	
WARN	missing_definition	http://example.org/mathkg/NaturalNumber	IAO:0000115	
WARN	missing_definition	http://example.org/mathkg/NeumannPearsontheorem	IAO:0000115	
WARN	missing_definition	http://example.org/mathkg/Nijenhuistensor	IAO:0000115	
WARN	missing_definition	http://example.org/mathkg/Nilpotentbyfinitegroup	IAO:0000115	
WARN	missing_definition	http://example.org/mathkg/Nilpotentbyfinitepolycyclicgroup	IAO:0000115	
WARN	missing_definition	http://example.org/mathkg/Nilpotentbyfinitesolvablegroup	IAO:0000115	
WARN	missing_definition	http://example.org/mathkg/Nonzerorightideal	IAO:0000115	
WARN	missing_definition	http://example.org/mathkg/Number	IAO:0000115	
WARN	missing_definition	http://example.org/mathkg/Numericalanalysistheoreticalproblem	IAO:0000115	
WARN	missing_definition	http://example.org/mathkg/Numericalevaluationofnonstationarystream	IAO:0000115	
WARN	missing_definition	http://example.org/mathkg/NumericalsolutionofOrdinaryDifferentialEquations	IAO:0000115	
WARN	missing_definition	http://example.org/mathkg/Numericalsolutionofextremumproblem	IAO:0000115	
WARN	missing_definition	http://example.org/mathkg/Numericalsolutionofsystemoflinearequation	IAO:0000115	
WARN	missing_definition	http://example.org/mathkg/Numericalsolutionoftransferequation	IAO:0000115	
WARN	missing_definition	http://example.org/mathkg/Obliquecarry	IAO:0000115	
WARN	missing_definition	http://example.org/mathkg/Oddnumber	IAO:0000115	
WARN	missing_definition	http://example.org/mathkg/Oneelementgroup	IAO:0000115	
WARN	missing_definition	http://example.org/mathkg/Onepointcompactification	IAO:0000115	
WARN	missing_definition	http://example.org/mathkg/Operation	IAO:0000115	
WARN	missing_definition	http://example.org/mathkg/Optimalcontrolproblems	IAO:0000115	
WARN	missing_definition	http://example.org/mathkg/Orbit	IAO:0000115	
WARN	missing_definition	http://example.org/mathkg/Orientation	IAO:0000115	
WARN	missing_definition	http://example.org/mathkg/Orthogonalgroups	IAO:0000115	
WARN	missing_definition	http://example.org/mathkg/Outerautomorphismclassgroup	IAO:0000115	
WARN	missing_definition	http://example.org/mathkg/Outerproductalgorithm	IAO:0000115	
WARN	missing_definition	http://example.org/mathkg/Parabolicaltranslation	IAO:0000115	
WARN	missing_definition	http://example.org/mathkg/Parabolicturn	IAO:0000115	
WARN	missing_definition	http://example.org/mathkg/Parafreegroup	IAO:0000115	
WARN	missing_definition	http://example.org/mathkg/Parametermarchingmethod	IAO:0000115	
WARN	missing_definition	http://example.org/mathkg/Parametricmethod	IAO:0000115	
WARN	missing_definition	http://example.org/mathkg/Paulimatrices	IAO:0000115	
WARN	missing_definition	http://example.org/mathkg/Periodicgroup	IAO:0000115	
WARN	missing_definition	http://example.org/mathkg/Permutationgroup	IAO:0000115	
WARN	missing_definition	http://example.org/mathkg/PoincarHopftheorem	IAO:0000115	
WARN	missing_definition	http://example.org/mathkg/Poincarduality	IAO:0000115	
WARN	missing_definition	http://example.org/mathkg/Point	IAO:0000115	
WARN	missing_definition	http://example.org/mathkg/Poissontheorem	IAO:0000115	
WARN	missing_definition	http://example.org/mathkg/Polycyclicgroup	IAO:0000115	
WARN	missing_definition	http://example.org/mathkg/Polyhedralgroup	IAO:0000115	
WARN	missing_definition	http://example.org/mathkg/Polynilpotentgroup	IAO:0000115	
WARN	missing_definition	http://example.org/mathkg/Polynomial	IAO:0000115	
WARN	missing_definition	http://example.org/mathkg/Positionvector	IAO:0000115	
WARN	missing_definition	http://example.org/mathkg/Positivenumber	IAO:0000115	
WARN	missing_definition	http://example.org/mathkg/Primarygroup	IAO:0000115	
WARN	missing_definition	http://example.org/mathkg/Primaryideal	IAO:0000115	
WARN	missing_definition	http://example.org/mathkg/Primenumber	IAO:0000115	
WARN	missing_definition	http://example.org/mathkg/Principalidealring	IAO:0000115	
WARN	missing_definition	http://example.org/mathkg/Probability	IAO:0000115	
WARN	missing_definition	http://example.org/mathkg/Probabilitytheorem	IAO:0000115	
WARN	missing_definition	http://example.org/mathkg/Problemofmixedoptimalcontrol	IAO:0000115	
WARN	missing_definition	http://example.org/mathkg/ProblemwiththeDirichletcondition	IAO:0000115	
WARN	missing_definition	http://example.org/mathkg/ProblemwiththeNeymancondition	IAO:0000115	
WARN	missing_definition	http://example.org/mathkg/Productoftopologicalspace	IAO:0000115	
WARN	missing_definition	http://example.org/mathkg/Profinitegroup	IAO:0000115	
WARN	missing_definition	http://example.org/mathkg/Projectionmethod	IAO:0000115	
WARN	missing_definition	http://example.org/mathkg/Projectivegroup	IAO:0000115	
WARN	missing_definition	http://example.org/mathkg/ProjectivelyLiegroup	IAO:0000115	
WARN	missing_definition	http://example.org/mathkg/Projectivelydeformation	IAO:0000115	
WARN	missing_definition	http://example.org/mathkg/Projectivelydiffeomorphy	IAO:0000115	
WARN	missing_definition	http://example.org/mathkg/Propergroupaction	IAO:0000115	
WARN	missing_definition	http://example.org/mathkg/Pseudoscalar	IAO:0000115	
WARN	missing_definition	http://example.org/mathkg/Quantization	IAO:0000115	
WARN	missing_definition	http://example.org/mathkg/Quasiconformalmapping	IAO:0000115	
WARN	missing_definition	http://example.org/mathkg/Quasicyclicgroup	IAO:0000115	
WARN	missing_definition	http://example.org/mathkg/Radiallyrelatedellipticalrotation	IAO:0000115	
WARN	missing_definition	http://example.org/mathkg/Radiallyrelatedhyperbolicrotation	IAO:0000115	
WARN	missing_definition	http://example.org/mathkg/Radiantextension	IAO:0000115	
WARN	missing_definition	http://example.org/mathkg/Rasingtothepower	IAO:0000115	
WARN	missing_definition	http://example.org/mathkg/RationalNumber	IAO:0000115	
WARN	missing_definition	http://example.org/mathkg/Rationalgroup	IAO:0000115	
WARN	missing_definition	http://example.org/mathkg/RealNumber	IAO:0000115	
WARN	missing_definition	http://example.org/mathkg/Recursivegroup	IAO:0000115	
WARN	missing_definition	http://example.org/mathkg/Recursivelyenumerablegroup	IAO:0000115	
WARN	missing_definition	http://example.org/mathkg/Reducedgroup	IAO:0000115	
WARN	missing_definition	http://example.org/mathkg/Reduction	IAO:0000115	
WARN	missing_definition	http://example.org/mathkg/Reflectedideal	IAO:0000115	
WARN	missing_definition	http://example.org/mathkg/Relation	IAO:0000115	
WARN	missing_definition	http://example.org/mathkg/Removingparentheses	IAO:0000115	
WARN	missing_definition	http://example.org/mathkg/Residueringmodulo	IAO:0000115	
WARN	missing_definition	http://example.org/mathkg/Riccitensor	IAO:0000115	
WARN	missing_definition	http://example.org/mathkg/Richardsoniterativemethod	IAO:0000115	
WARN	missing_definition	http://example.org/mathkg/Riemannmethod	IAO:0000115	
WARN	missing_definition	http://example.org/mathkg/Rightideal	IAO:0000115	
WARN	missing_definition	http://example.org/mathkg/Ring	IAO:0000115	
WARN	missing_definition	http://example.org/mathkg/Ringlimitedfromright	IAO:0000115	
WARN	missing_definition	http://example.org/mathkg/Ringofdifferentialpolynomial	IAO:0000115	
WARN	missing_definition	http://example.org/mathkg/Ringofskewpolynomials	IAO:0000115	
WARN	missing_definition	http://example.org/mathkg/Ringwithoutidentity	IAO:0000115	
WARN	missing_definition	http://example.org/mathkg/Ringwithunitelement	IAO:0000115	
WARN	missing_definition	http://example.org/mathkg/RoleConcept	IAO:0000115	
WARN	missing_definition	http://example.org/mathkg/Scalar	IAO:0000115	
WARN	missing_definition	http://example.org/mathkg/Scalarproduct	IAO:0000115	
WARN	missing_definition	http://example.org/mathkg/Schaudertheorem	IAO:0000115	
WARN	missing_definition	http://example.org/mathkg/Schwartzconstant	IAO:0000115	
WARN	missing_definition	http://example.org/mathkg/Secondfundamentalform	IAO:0000115	
WARN	missing_definition	http://example.org/mathkg/Semiprimeideal	IAO:0000115	
WARN	missing_definition	http://example.org/mathkg/Sequence	IAO:0000115	
WARN	missing_definition	http://example.org/mathkg/Series	IAO:0000115	
WARN	missing_definition	http://example.org/mathkg/Serreduality	IAO:0000115	
WARN	missing_definition	http://example.org/mathkg/Set	IAO:0000115	
WARN	missing_definition	http://example.org/mathkg/ShermanCompressedscheme	IAO:0000115	
WARN	missing_definition	http://example.org/mathkg/Simplegroup	IAO:0000115	
WARN	missing_definition	http://example.org/mathkg/Simpleideal	IAO:0000115	
WARN	missing_definition	http://example.org/mathkg/Sine	IAO:0000115	
WARN	missing_definition	http://example.org/mathkg/Singularcoefficient	IAO:0000115	
WARN	missing_definition	http://example.org/mathkg/Sobolevtheorem	IAO:0000115	
WARN	missing_definition	http://example.org/mathkg/Solvablegroup	IAO:0000115	
WARN	missing_definition	http://example.org/mathkg/Spectralmethod	IAO:0000115	
WARN	missing_definition	http://example.org/mathkg/Splittablegroup	IAO:0000115	
WARN	missing_definition	http://example.org/mathkg/Stablesubgroup	IAO:0000115	
WARN	missing_definition	http://example.org/mathkg/Steinersymmetrization	IAO:0000115	
WARN	missing_definition	http://example.org/mathkg/Stochasticallymatrix	IAO:0000115	
WARN	missing_definition	http://example.org/mathkg/Stokestheorem	IAO:0000115	
WARN	missing_definition	http://example.org/mathkg/StoneCechcompactification	IAO:0000115	
WARN	missing_definition	http://example.org/mathkg/Stronglawoflargenumbers	IAO:0000115	
WARN	missing_definition	http://example.org/mathkg/SturmLiouvilleproblem	IAO:0000115	
WARN	missing_definition	http://example.org/mathkg/Subset	IAO:0000115	
WARN	missing_definition	http://example.org/mathkg/Subtraction	IAO:0000115	
WARN	missing_definition	http://example.org/mathkg/Supersolublegroup	IAO:0000115	
WARN	missing_definition	http://example.org/mathkg/Surdnumber	IAO:0000115	
WARN	missing_definition	http://example.org/mathkg/Symmetrizationmethod	IAO:0000115	
WARN	missing_definition	http://example.org/mathkg/Tabulardifferentiation	IAO:0000115	
WARN	missing_definition	http://example.org/mathkg/Tabularintegration	IAO:0000115	
WARN	missing_definition	http://example.org/mathkg/Takingroot	IAO:0000115	
WARN	missing_definition	http://example.org/mathkg/Takingthelogarithm	IAO:0000115	
WARN	missing_definition	http://example.org/mathkg/Tangent	IAO:0000115	
WARN	missing_definition	http://example.org/mathkg/Tangentgeometry	IAO:0000115	
WARN	missing_definition	http://example.org/mathkg/Tangentialmapping	IAO:0000115	
WARN	missing_definition	http://example.org/mathkg/Tangentvector	IAO:0000115	
WARN	missing_definition	http://example.org/mathkg/Tensorofvalence2	IAO:0000115	
WARN	missing_definition	http://example.org/mathkg/ThePoissontensor	IAO:0000115	
WARN	missing_definition	http://example.org/mathkg/Thelawoflargenumbers	IAO:0000115	
WARN	missing_definition	http://example.org/mathkg/ThelocalHamiltonian	IAO:0000115	
WARN	missing_definition	http://example.org/mathkg/Theorem	IAO:0000115	
WARN	missing_definition	http://example.org/mathkg/Theoremofdivision	IAO:0000115	
WARN	missing_definition	http://example.org/mathkg/Theoremoftheoryofgeometry	IAO:0000115	
WARN	missing_definition	http://example.org/mathkg/Theoremoftheoryoftopology	IAO:0000115	
WARN	missing_definition	http://example.org/mathkg/Theoremofuniqueexistence	IAO:0000115	
WARN	missing_definition	http://example.org/mathkg/Theoremonlimitprobability	IAO:0000115	
WARN	missing_definition	http://example.org/mathkg/Theoremtheoryofdifferentialequations	IAO:0000115	
WARN	missing_definition	http://example.org/mathkg/Threelevelscheme	IAO:0000115	
WARN	missing_definition	http://example.org/mathkg/Tikhonovtheorem	IAO:0000115	
WARN	missing_definition	http://example.org/mathkg/Tissueconnectivity	IAO:0000115	
WARN	missing_definition	http://example.org/mathkg/Torsionofacurve	IAO:0000115	
WARN	missing_definition	http://example.org/mathkg/Torsiontensorofconnection	IAO:0000115	
WARN	missing_definition	http://example.org/mathkg/Torsiontensoroftissue	IAO:0000115	
WARN	missing_definition	http://example.org/mathkg/Transcendentalnumber	IAO:0000115	
WARN	missing_definition	http://example.org/mathkg/Transfinitenumber	IAO:0000115	
WARN	missing_definition	http://example.org/mathkg/Transitionprobabilitymatrix	IAO:0000115	
WARN	missing_definition	http://example.org/mathkg/Transitiveaction	IAO:0000115	
WARN	missing_definition	http://example.org/mathkg/Transversallymanipulation	IAO:0000115	
WARN	missing_definition	http://example.org/mathkg/Triangle	IAO:0000115	
WARN	missing_definition	http://example.org/mathkg/Triangulargroup	IAO:0000115	
WARN	missing_definition	http://example.org/mathkg/TrigonometricalFourierconstant	IAO:0000115	
WARN	missing_definition	http://example.org/mathkg/Tripleproduct	IAO:0000115	
WARN	missing_definition	http://example.org/mathkg/Trivialgroup	IAO:0000115	
WARN	missing_definition	http://example.org/mathkg/Twovaluegroup	IAO:0000115	
WARN	missing_definition	http://example.org/mathkg/Twovaluemethodofmeanproduct	IAO:0000115	
WARN	missing_definition	http://example.org/mathkg/Uniformgroup	IAO:0000115	
WARN	missing_definition	http://example.org/mathkg/Unimodulargroup	IAO:0000115	
WARN	missing_definition	http://example.org/mathkg/Union	IAO:0000115	
WARN	missing_definition	http://example.org/mathkg/Variable	IAO:0000115	
WARN	missing_definition	http://example.org/mathkg/Variance	IAO:0000115	
WARN	missing_definition	http://example.org/mathkg/Variationaliterationmethod	IAO:0000115	
WARN	missing_definition	http://example.org/mathkg/Variationalprocedure	IAO:0000115	
WARN	missing_definition	http://example.org/mathkg/Vector	IAO:0000115	
WARN	missing_definition	http://example.org/mathkg/Vectorproduct	IAO:0000115	
WARN	missing_definition	http://example.org/mathkg/Vectorsumalgorithm	IAO:0000115	
WARN	missing_definition	http://example.org/mathkg/Volume	IAO:0000115	
WARN	missing_definition	http://example.org/mathkg/Wedgeproduct	IAO:0000115	
WARN	missing_definition	http://example.org/mathkg/Weingartentensor	IAO:0000115	
WARN	missing_definition	http://example.org/mathkg/Whiteheadgroup	IAO:0000115	
WARN	missing_definition	http://example.org/mathkg/Wienerstechniqueofoptimuslinearfiltering	IAO:0000115	
WARN	missing_definition	http://example.org/mathkg/Wilkinsonalgorithm	IAO:0000115	
WARN	missing_definition	http://example.org/mathkg/Yamabeconjecture	IAO:0000115	
WARN	missing_definition	http://example.org/mathkg/Zygmundtheorem	IAO:0000115	
